{
  "checkpoint_path": "outputs\\models\\supervised\\best_energy_regressor.pt",
  "dataset_path": "outputs\\data\\test_data.npz",
  "metrics": {
    "mse": 0.00017906559338190856,
    "rmse": 0.01338153927550596,
    "mae": 0.009954031121612776,
    "max_abs_error": 0.06576889753341675,
    "pearson_correlation": 0.9919419003071761,
    "spearman_correlation": 0.975707702670536
  },
  "best_val_loss_from_training": 0.00019660796210115619
}